{
  "generatedAt": "2026-06-13T09:51:34.891Z",
  "datasetSize": 35,
  "results": [
    {
      "parser": "rule-baseline",
      "n": 35,
      "intent": 0.9142857142857143,
      "service": 1,
      "day": 1,
      "time": 0.9142857142857143,
      "fullMatch": 0.8285714285714286,
      "seconds": 0
    },
    {
      "parser": "llm:google/gemma-4-31b-it:free",
      "n": 35,
      "intent": 1,
      "service": 1,
      "day": 1,
      "time": 1,
      "fullMatch": 1,
      "seconds": 301.9
    }
  ]
}
